-- phpMyAdmin SQL Dump
-- version 5.2.1
-- https://www.phpmyadmin.net/
--
-- Host: 127.0.0.1
-- Generation Time: Nov 11, 2024 at 03:17 AM
-- Server version: 10.4.32-MariaDB
-- PHP Version: 8.2.12

SET SQL_MODE = "NO_AUTO_VALUE_ON_ZERO";
START TRANSACTION;
SET time_zone = "+00:00";


/*!40101 SET @OLD_CHARACTER_SET_CLIENT=@@CHARACTER_SET_CLIENT */;
/*!40101 SET @OLD_CHARACTER_SET_RESULTS=@@CHARACTER_SET_RESULTS */;
/*!40101 SET @OLD_COLLATION_CONNECTION=@@COLLATION_CONNECTION */;
/*!40101 SET NAMES utf8mb4 */;

--
-- Database: `kasirdb`
--

-- --------------------------------------------------------

--
-- Table structure for table `barang`
--

CREATE TABLE `barang` (
  `id_barang` int(11) NOT NULL,
  `nama` varchar(50) NOT NULL,
  `harga` int(11) NOT NULL,
  `jumlah` int(11) NOT NULL,
  `kode_barang` varchar(50) DEFAULT NULL
) ENGINE=InnoDB DEFAULT CHARSET=utf8mb4 COLLATE=utf8mb4_general_ci;

--
-- Dumping data for table `barang`
--

INSERT INTO `barang` (`id_barang`, `nama`, `harga`, `jumlah`, `kode_barang`) VALUES
(1, 'Puma MB.01', 1800000, 50, 'B001'),
(2, 'Puma MB.02', 1400000, 24, 'B002'),
(3, 'Puma MB.03', 1300000, 26, 'B003'),
(4, 'Abibas JMK1', 1300000, 24, 'B012'),
(5, 'Nike Ja 1', 1400000, 26, 'B005'),
(6, 'Nike Ja 2', 1800000, 25, 'B006'),
(7, 'Way Of Wade Slides', 1200000, 25, 'B007'),
(8, 'Adidas James Harden', 2400000, 25, 'B008'),
(9, 'Nike GT Cut 3', 3000000, 25, 'B009'),
(10, 'Nike GT Cut 2', 2500000, 26, 'B010'),
(11, 'Nike GT Cut 1', 1400000, 26, 'B011'),
(15, 'adidas', 250000, 50, 'B012'),
(16, 'Amba JK2', 1300000, 40, 'B013');

-- --------------------------------------------------------

--
-- Table structure for table `role`
--

CREATE TABLE `role` (
  `id_role` int(11) NOT NULL,
  `nama` varchar(20) NOT NULL
) ENGINE=InnoDB DEFAULT CHARSET=utf8mb4 COLLATE=utf8mb4_general_ci;

--
-- Dumping data for table `role`
--

INSERT INTO `role` (`id_role`, `nama`) VALUES
(1, 'Admin'),
(2, 'Kasir');

-- --------------------------------------------------------

--
-- Table structure for table `transaksi`
--

CREATE TABLE `transaksi` (
  `id_transaksi` int(11) NOT NULL,
  `tanggal_waktu` datetime NOT NULL,
  `nomor` varchar(20) NOT NULL,
  `total` int(11) NOT NULL,
  `nama` varchar(50) NOT NULL,
  `bayar` int(11) NOT NULL,
  `kembali` int(11) NOT NULL,
  `tanggal` date DEFAULT NULL
) ENGINE=InnoDB DEFAULT CHARSET=utf8mb4 COLLATE=utf8mb4_general_ci;

--
-- Dumping data for table `transaksi`
--

INSERT INTO `transaksi` (`id_transaksi`, `tanggal_waktu`, `nomor`, `total`, `nama`, `bayar`, `kembali`, `tanggal`) VALUES
(22, '2024-10-02 06:26:04', '280209', 1400000, 'Shallya', 1500000, 100000, '2024-10-02'),
(23, '2024-10-02 06:28:12', '464394', 1800000, 'Shallya', 2000000, 200000, '2024-10-02'),
(24, '2024-10-09 02:47:51', '869609', 2700000, 'Shallya', 3000000, 300000, '2024-10-09'),
(25, '2024-10-09 04:04:42', '721628', 4500000, 'Shallya', 5000000, 500000, '2024-10-09'),
(26, '2024-10-09 04:05:15', '590886', 4500000, 'Shallya', 5000000, 500000, '2024-10-09'),
(27, '2024-10-09 04:05:19', '826789', 4500000, 'Shallya', 5000000, 500000, '2024-10-09'),
(28, '2024-10-09 04:05:51', '331542', 4500000, 'Shallya', 5000000, 500000, '2024-10-09'),
(29, '2024-10-09 04:06:30', '971953', 4500000, 'Shallya', 5000000, 500000, '2024-10-09'),
(30, '2024-10-09 06:13:08', '565514', 41392000, 'Shallya', 50000000, 8608000, '2024-10-09'),
(31, '2024-10-09 06:36:42', '453260', 2700000, 'Shallya', 3000000, 300000, '2024-10-09'),
(32, '2024-10-14 06:14:54', '908130', 3100000, 'Shallya', 30000000, 26900000, '2024-10-14'),
(33, '2024-10-14 06:21:11', '857740', 3800000, 'Shallya', 4000000, 200000, '2024-10-14'),
(34, '2024-10-14 06:22:44', '187052', 1800000, 'Shallya', 2000000, 200000, '2024-10-14'),
(35, '2024-10-14 06:24:54', '898550', 1800000, 'Shallya', 5000000, 3200000, '2024-10-14'),
(36, '2024-10-15 06:03:50', '187389', 27000000, 'Shallya', 100000000, 73000000, '2024-10-15'),
(37, '2024-10-15 09:07:57', '781567', 3100000, 'Shallya', 5000000, 1900000, '2024-10-15'),
(38, '2024-10-15 09:08:34', '858826', 3100000, 'Shallya', 10000000, 6900000, '2024-10-15'),
(41, '2024-10-16 10:24:19', '608217', 5700000, 'Shallya', 6000000, 300000, '2024-10-16'),
(42, '2024-10-16 10:27:32', '365035', 3100000, 'Shallya', 5000000, 1900000, '2024-10-16'),
(50, '2024-10-17 04:54:57', '830149', 22800000, 'Shallya', 50000000, 27200000, '2024-10-17'),
(55, '2024-10-17 06:38:52', '722587', 3100000, 'Shallya', 4000000, 900000, '2024-10-17'),
(56, '2024-10-17 06:40:21', '247686', 1300000, 'Shallya', 1300000, 0, '2024-10-17'),
(57, '2024-10-17 06:41:42', '990670', 1300000, 'Shallya', 10000000, 8700000, '2024-10-17'),
(58, '2024-10-17 06:42:44', '293938', 1300000, 'Shallya', 1300000, 0, '2024-10-17'),
(59, '2024-10-17 06:44:29', '478262', 1300000, 'Shallya', 3000000, 1700000, '2024-10-17'),
(60, '2024-10-17 06:46:38', '152221', 1300000, 'Shallya', 1300000, 0, '2024-10-17'),
(62, '2024-10-18 05:19:15', '200861', 4900000, 'Shallya', 5000000, 100000, '2024-10-18'),
(63, '2024-10-18 06:09:31', '610917', 3800000, 'Shallya', 5000000, 1200000, '2024-10-18'),
(64, '2024-10-21 06:50:18', '651743', 1800000, 'Shallya', 2000000, 200000, '2024-10-21'),
(65, '2024-10-22 03:59:04', '473117', 1800000, 'Shallya', 2000000, 200000, '2024-10-22'),
(67, '2024-10-22 04:03:33', '716815', 1800000, 'Shallya', 2000000, 200000, '2024-10-22'),
(69, '2024-10-22 10:54:43', '535100', 1300000, 'Shallya', 5000000, 3700000, '2024-10-22'),
(70, '2024-10-22 11:03:17', '276700', 1800000, 'Shallya', 5000000, 3200000, '2024-10-22'),
(72, '2024-10-22 11:45:45', '246724', 1800000, 'Shallya', 2000000, 200000, '2024-10-22'),
(73, '2024-10-22 11:53:13', '991058', 1800000, 'Shallya', 5000000, 3200000, '2024-10-22'),
(74, '2024-10-22 11:54:28', '968129', 1800000, 'Shallya', 5000000, 3200000, '2024-10-22'),
(75, '2024-10-22 11:55:01', '994641', 1800000, 'Shallya', 5000000, 3200000, '2024-10-22'),
(76, '2024-10-22 11:56:40', '607158', 1800000, 'Shallya', 5000000, 3200000, '2024-10-22'),
(77, '2024-10-22 11:57:44', '270695', 1800000, 'Shallya', 5000000, 3200000, '2024-10-22'),
(78, '2024-10-22 12:02:39', '263950', 1800000, 'Shallya', 5000000, 3200000, '2024-10-22'),
(79, '2024-10-22 12:02:58', '772669', 1800000, 'Shallya', 5000000, 3200000, '2024-10-22'),
(80, '2024-10-22 12:40:59', '534631', 1800000, 'Shallya', 5000000, 3200000, '2024-10-22'),
(81, '2024-10-22 12:55:04', '865401', 1800000, 'Shallya', 5000000, 3200000, '2024-10-22'),
(82, '2024-10-22 13:12:06', '235884', 8100000, 'Bolang', 50000000, 41900000, '2024-10-22'),
(83, '2024-10-22 13:12:38', '658765', 8100000, 'Bolang', 50000000, 41900000, '2024-10-22'),
(84, '2024-10-23 05:32:48', '371766', 1400000, 'Shallya', 1400000, 0, '2024-10-23'),
(85, '2024-10-23 05:33:34', '374079', 1800000, 'Shallya', 5000000, 3200000, '2024-10-23'),
(89, '2024-10-23 06:13:49', '167745', 1400000, 'Shallya', 5000000, 3600000, '2024-10-23'),
(90, '2024-10-23 06:55:27', '180823', 201400000, 'Shallya', 201400000, 0, '2024-10-23'),
(91, '2024-10-30 10:32:27', '749954', 4800000, 'Shallya', 5000000, 200000, '2024-10-30'),
(92, '2024-11-07 04:17:57', '623321', 1800000, 'Shallya', 5000000, 3200000, '2024-11-07'),
(93, '2024-11-07 04:18:17', '899424', 1800000, 'Shallya', 5000000, 3200000, '2024-11-07'),
(94, '2024-11-07 04:18:45', '242307', 1800000, 'Shallya', 5000000, 3200000, '2024-11-07'),
(95, '2024-11-07 04:19:07', '360297', 1800000, 'Shallya', 5000000, 3200000, '2024-11-07'),
(96, '2024-11-07 04:19:27', '616876', 1800000, 'Shallya', 5000000, 3200000, '2024-11-07'),
(97, '2024-11-07 04:20:57', '412769', 1800000, 'Shallya', 5000000, 3200000, '2024-11-07'),
(98, '2024-11-07 04:30:10', '519199', 9000000, 'Shallya', 50000000, 41000000, '2024-11-07'),
(99, '2024-11-07 05:27:58', '903595', 36000000, 'Shallya', 50000000, 14000000, '2024-11-07'),
(100, '2024-11-08 08:13:59', '907456', 4600000, 'Bolang', 4600000, 0, '2024-11-08'),
(101, '2024-11-08 08:15:59', '503268', 9100000, 'Bolang', 9500000, 400000, '2024-11-08'),
(102, '2024-11-08 08:16:14', '895678', 9100000, 'Bolang', 9500000, 400000, '2024-11-08'),
(103, '2024-11-08 08:16:34', '951659', 0, 'Bolang', 5000000, 5000000, '2024-11-08'),
(104, '2024-11-08 08:28:05', '844830', 1800000, 'Shallya', 2000000, 200000, '2024-11-08'),
(105, '2024-11-09 09:45:22', '478095', 5500000, 'Shallya', 50000000, 44500000, '2024-11-09');

-- --------------------------------------------------------

--
-- Table structure for table `transaksi_detail`
--

CREATE TABLE `transaksi_detail` (
  `id_transaksi_detail` int(11) NOT NULL,
  `id_transaksi` int(11) NOT NULL,
  `id_barang` varchar(50) NOT NULL,
  `nama_barang` varchar(50) NOT NULL,
  `harga` int(11) NOT NULL,
  `qty` int(11) NOT NULL,
  `total` int(11) NOT NULL
) ENGINE=InnoDB DEFAULT CHARSET=utf8mb4 COLLATE=utf8mb4_general_ci;

--
-- Dumping data for table `transaksi_detail`
--

INSERT INTO `transaksi_detail` (`id_transaksi_detail`, `id_transaksi`, `id_barang`, `nama_barang`, `harga`, `qty`, `total`) VALUES
(46, 22, '2', 'Puma MB.02', 1400000, 1, 1400000),
(47, 23, '6', 'Nike Ja 2', 1800000, 1, 1800000),
(48, 24, '2', 'Puma MB.02', 1400000, 1, 1400000),
(49, 24, '3', 'Puma MB.03', 1300000, 1, 1300000),
(50, 25, '2', 'Puma MB.02', 1400000, 1, 1400000),
(51, 26, '2', 'Puma MB.02', 1400000, 1, 1400000),
(52, 27, '2', 'Puma MB.02', 1400000, 1, 1400000),
(53, 28, '2', 'Puma MB.02', 1400000, 1, 1400000),
(54, 29, '2', 'Puma MB.02', 1400000, 1, 1400000),
(55, 29, '1', 'Puma MB.01', 1800000, 1, 1800000),
(56, 29, '3', 'Puma MB.03', 1300000, 1, 1300000),
(57, 30, '2', 'Puma MB.02', 1400000, 5, 7000000),
(58, 30, '3', 'Puma MB.03', 1300000, 20, 26000000),
(59, 30, '5', 'Nike Ja 1', 1400000, 6, 8400000),
(60, 31, '2', 'Puma MB.02', 1400000, 1, 1400000),
(61, 31, '3', 'Puma MB.03', 1300000, 1, 1300000),
(62, 32, '3', 'Puma MB.03', 1300000, 1, 1300000),
(63, 32, '1', 'Puma MB.01', 1800000, 1, 1800000),
(64, 33, '1', 'Puma MB.01', 1800000, 1, 1800000),
(65, 33, '4', 'Puma MB.04', 2000000, 1, 2000000),
(66, 34, '1', 'Puma MB.01', 1800000, 1, 1800000),
(67, 35, '1', 'Puma MB.01', 1800000, 1, 1800000),
(68, 36, '1', 'Puma MB.01', 1800000, 15, 27000000),
(69, 37, '1', 'Puma MB.01', 1800000, 1, 1800000),
(70, 37, '3', 'Puma MB.03', 1300000, 1, 1300000),
(71, 38, '1', 'Puma MB.01', 1800000, 1, 1800000),
(72, 38, '3', 'Puma MB.03', 1300000, 1, 1300000),
(73, 39, '1', 'Puma MB.01', 1800000, 1, 1800000),
(74, 39, '3', 'Puma MB.03', 1300000, 1, 1300000),
(75, 39, '8', 'Adidas James Harden', 2400000, 1, 2400000),
(76, 40, '13', 'Abibas JMK1', 1300000, 0, 0),
(77, 41, '1', 'Puma MB.01', 1800000, 1, 1800000),
(78, 41, '7', 'Way Of Wade Slides', 1200000, 1, 1200000),
(79, 41, '11', 'Nike GT Cut 1', 1400000, 1, 1400000),
(80, 41, '13', 'Abibas JMK1', 1300000, 1, 1300000),
(81, 42, '1', 'Puma MB.01', 1800000, 1, 1800000),
(82, 42, '3', 'Puma MB.03', 1300000, 1, 1300000),
(83, 44, '1', 'Puma MB.01', 1800000, 29, 52200000),
(84, 44, '2', 'Puma MB.02', 1400000, 1, 1400000),
(85, 44, '3', 'Puma MB.03', 1300000, 1, 1300000),
(86, 44, '4', 'Puma MB.04', 2000000, 1, 2000000),
(87, 44, '5', 'Nike Ja 1', 1400000, 1, 1400000),
(88, 44, '6', 'Nike Ja 2', 1800000, 1, 1800000),
(89, 44, '7', 'Way Of Wade Slides', 1200000, 1, 1200000),
(90, 44, '8', 'Adidas James Harden', 2400000, 1, 2400000),
(91, 44, '9', 'Nike GT Cut 3', 3000000, 1, 3000000),
(92, 44, '10', 'Nike GT Cut 2', 2500000, 1, 2500000),
(93, 44, '11', 'Nike GT Cut 1', 1400000, 1, 1400000),
(94, 44, '14', 'Adinda PP2', 1300000, 1, 1300000),
(95, 44, '13', 'Abibas JMK1', 1300000, 1, 1300000),
(96, 46, '3', 'Puma MB.03', 1300000, 1, 1300000),
(97, 50, '1', 'Puma MB.01', 1800000, 1, 1800000),
(98, 50, '2', 'Puma MB.02', 1400000, 1, 1400000),
(99, 50, '3', 'Puma MB.03', 1300000, 1, 1300000),
(100, 50, '4', 'Puma MB.04', 2000000, 1, 2000000),
(101, 50, '5', 'Nike Ja 1', 1400000, 1, 1400000),
(102, 50, '6', 'Nike Ja 2', 1800000, 1, 1800000),
(103, 50, '7', 'Way Of Wade Slides', 1200000, 1, 1200000),
(104, 50, '8', 'Adidas James Harden', 2400000, 1, 2400000),
(105, 50, '9', 'Nike GT Cut 3', 3000000, 1, 3000000),
(106, 50, '10', 'Nike GT Cut 2', 2500000, 1, 2500000),
(107, 50, '11', 'Nike GT Cut 1', 1400000, 1, 1400000),
(108, 50, '12', 'Abibas JMK1', 1300000, 1, 1300000),
(109, 50, '13', 'Adinda PP2', 1300000, 1, 1300000),
(110, 55, '1', 'Puma MB.01', 1800000, 1, 1800000),
(111, 55, '3', 'Puma MB.03', 1300000, 1, 1300000),
(112, 56, '13', 'Adinda PP2', 1300000, 1, 1300000),
(113, 57, '12', 'Abibas JMK1', 1300000, 1, 1300000),
(114, 58, '12', 'Abibas JMK1', 1300000, 1, 1300000),
(115, 59, '12', 'Abibas JMK1', 1300000, 1, 1300000),
(116, 60, '12', 'Abibas JMK1', 1300000, 1, 1300000),
(117, 62, '1', 'Puma MB.01', 1800000, 2, 3600000),
(118, 62, '3', 'Puma MB.03', 1300000, 1, 1300000),
(119, 63, '10', 'Nike GT Cut 2', 2500000, 1, 2500000),
(120, 63, '12', 'Abibas JMK1', 1300000, 1, 1300000),
(121, 64, '1', 'Puma MB.01', 1800000, 1, 1800000),
(122, 65, '1', 'Puma MB.01', 1800000, 1, 1800000),
(123, 67, '1', 'Puma MB.01', 1800000, 1, 1800000),
(124, 68, '1', 'Puma MB.01', 1800000, 1, 1800000),
(125, 68, '3', 'Puma MB.03', 1300000, 1, 1300000),
(126, 69, '3', 'Puma MB.03', 1300000, 1, 1300000),
(127, 70, '1', 'Puma MB.01', 1800000, 1, 1800000),
(128, 71, '5', 'Nike Ja 1', 1400000, 1, 1400000),
(129, 72, '1', 'Puma MB.01', 1800000, 1, 1800000),
(130, 75, '1', 'Puma MB.01', 1800000, 1, 1800000),
(131, 77, '1', 'Puma MB.01', 1800000, 1, 1800000),
(132, 78, '1', 'Puma MB.01', 1800000, 1, 1800000),
(133, 79, '1', 'Puma MB.01', 1800000, 1, 1800000),
(134, 80, '1', 'Puma MB.01', 1800000, 1, 1800000),
(135, 81, '1', 'Puma MB.01', 1800000, 1, 1800000),
(136, 82, '1', 'Puma MB.01', 1800000, 2, 3600000),
(137, 82, '3', 'Puma MB.03', 1300000, 1, 1300000),
(138, 82, '6', 'Nike Ja 2', 1800000, 1, 1800000),
(139, 82, '2', 'Puma MB.02', 1400000, 1, 1400000),
(140, 84, '2', 'Puma MB.02', 1400000, 1, 1400000),
(141, 85, '1', 'Puma MB.01', 1800000, 1, 1800000),
(142, 87, '1', 'Puma MB.01', 1800000, 5, 9000000),
(143, 89, '5', 'Nike Ja 1', 1400000, 1, 1400000),
(144, 90, '4', 'Puma MB.04', 2000000, 100, 200000000),
(145, 90, '5', 'Nike Ja 1', 1400000, 1, 1400000),
(146, 91, '6', 'Nike Ja 2', 1800000, 1, 1800000),
(147, 91, '9', 'Nike GT Cut 3', 3000000, 1, 3000000),
(148, 92, '1', 'Puma MB.01', 1800000, 1, 1800000),
(149, 93, '1', 'Puma MB.01', 1800000, 1, 1800000),
(150, 94, '1', 'Puma MB.01', 1800000, 1, 1800000),
(151, 95, '1', 'Puma MB.01', 1800000, 1, 1800000),
(152, 96, '1', 'Puma MB.01', 1800000, 1, 1800000),
(153, 97, '1', 'Puma MB.01', 1800000, 1, 1800000),
(154, 98, '1', 'Puma MB.01', 1800000, 5, 9000000),
(155, 99, '1', 'Puma MB.01', 1800000, 20, 36000000),
(156, 100, '2', 'Puma MB.02', 1400000, 2, 2800000),
(157, 100, '1', 'Puma MB.01', 1800000, 1, 1800000),
(158, 101, '4', 'Abibas JMK1', 1300000, 1, 1300000),
(159, 101, '9', 'Nike GT Cut 3', 3000000, 1, 3000000),
(160, 101, '7', 'Way Of Wade Slides', 1200000, 1, 1200000),
(161, 101, '1', 'Puma MB.01', 1800000, 2, 3600000),
(162, 104, '1', 'Puma MB.01', 1800000, 1, 1800000),
(163, 105, '4', 'Abibas JMK1', 1300000, 1, 1300000),
(164, 105, '6', 'Nike Ja 2', 1800000, 1, 1800000),
(165, 105, '8', 'Adidas James Harden', 2400000, 1, 2400000);

-- --------------------------------------------------------

--
-- Table structure for table `user`
--

CREATE TABLE `user` (
  `id_user` int(11) NOT NULL,
  `nama` varchar(50) NOT NULL,
  `username` varchar(20) NOT NULL,
  `password` varchar(50) NOT NULL,
  `role_id` int(11) NOT NULL
) ENGINE=InnoDB DEFAULT CHARSET=utf8mb4 COLLATE=utf8mb4_general_ci;

--
-- Dumping data for table `user`
--

INSERT INTO `user` (`id_user`, `nama`, `username`, `password`, `role_id`) VALUES
(1, 'SYAii7Y', 'sya', 'syaa', 1),
(2, 'Shallya', 'petugas', '123', 2),
(4, 'Bolang', 'blng', '123', 2),
(5, 'ading', 'Aidil', '123', 2),
(6, 'rahma', 'rahma', '12345', 2),
(7, 'najib', 'jib', '0987', 2),
(8, 'FARELL KHAFFA', 'parell', '337', 2);

--
-- Indexes for dumped tables
--

--
-- Indexes for table `barang`
--
ALTER TABLE `barang`
  ADD PRIMARY KEY (`id_barang`);

--
-- Indexes for table `role`
--
ALTER TABLE `role`
  ADD PRIMARY KEY (`id_role`);

--
-- Indexes for table `transaksi`
--
ALTER TABLE `transaksi`
  ADD PRIMARY KEY (`id_transaksi`);

--
-- Indexes for table `transaksi_detail`
--
ALTER TABLE `transaksi_detail`
  ADD PRIMARY KEY (`id_transaksi_detail`);

--
-- Indexes for table `user`
--
ALTER TABLE `user`
  ADD PRIMARY KEY (`id_user`);

--
-- AUTO_INCREMENT for dumped tables
--

--
-- AUTO_INCREMENT for table `barang`
--
ALTER TABLE `barang`
  MODIFY `id_barang` int(11) NOT NULL AUTO_INCREMENT, AUTO_INCREMENT=17;

--
-- AUTO_INCREMENT for table `role`
--
ALTER TABLE `role`
  MODIFY `id_role` int(11) NOT NULL AUTO_INCREMENT, AUTO_INCREMENT=3;

--
-- AUTO_INCREMENT for table `transaksi`
--
ALTER TABLE `transaksi`
  MODIFY `id_transaksi` int(11) NOT NULL AUTO_INCREMENT, AUTO_INCREMENT=106;

--
-- AUTO_INCREMENT for table `transaksi_detail`
--
ALTER TABLE `transaksi_detail`
  MODIFY `id_transaksi_detail` int(11) NOT NULL AUTO_INCREMENT, AUTO_INCREMENT=166;

--
-- AUTO_INCREMENT for table `user`
--
ALTER TABLE `user`
  MODIFY `id_user` int(11) NOT NULL AUTO_INCREMENT, AUTO_INCREMENT=9;
COMMIT;

/*!40101 SET CHARACTER_SET_CLIENT=@OLD_CHARACTER_SET_CLIENT */;
/*!40101 SET CHARACTER_SET_RESULTS=@OLD_CHARACTER_SET_RESULTS */;
/*!40101 SET COLLATION_CONNECTION=@OLD_COLLATION_CONNECTION */;
